[
  {
    "index": 0,
    "category": "mens",
    "brand": "Roadster",
    "title": "Men Blue & Beige Regular Fit Checked Sustainable Casual Shirt",
    "subTitle": "Men Regular Fit Casual Shirt",
    "originalPrice": 1699,
    "discountPercentage": "(60% OFF)",
    "discountedPrice": 679,
    "rating": 3.8737714290618896,
    "ratingCount": 5799,
    "size":[38,40,42,44,46],
    "searchImage": "http://assets.myntassets.com/assets/images/6849354/2022/2/9/cc41bfc1-55f8-47df-a705-d5a05b286a871644388786288-Roadster-Men-Blue--Beige-Regular-Fit-Checked-Casual-Shirt-88-1.jpg",
    "imgArr": [
      "http://assets.myntassets.com/assets/images/6849354/2022/2/9/cc41bfc1-55f8-47df-a705-d5a05b286a871644388786288-Roadster-Men-Blue--Beige-Regular-Fit-Checked-Casual-Shirt-88-1.jpg",
      "http://assets.myntassets.com/assets/images/6849354/2022/2/9/e4225236-e9e8-4b09-bf9c-7569f3ed02021644388786220-Roadster-Men-Blue--Beige-Regular-Fit-Checked-Casual-Shirt-88-4.jpg",
      "http://assets.myntassets.com/assets/images/6849354/2022/2/9/cc41bfc1-55f8-47df-a705-d5a05b286a871644388786288-Roadster-Men-Blue--Beige-Regular-Fit-Checked-Casual-Shirt-88-1.jpg",
      "http://assets.myntassets.com/assets/images/6849354/2022/2/9/aa14e7fa-f026-42c0-9359-7ad43bf4c7e21644388786244-Roadster-Men-Blue--Beige-Regular-Fit-Checked-Casual-Shirt-88-3.jpg",
      "http://assets.myntassets.com/assets/images/6849354/2022/2/9/523cd3dd-4411-4067-8c87-a4e1843f94eb1644388786194-Roadster-Men-Blue--Beige-Regular-Fit-Checked-Casual-Shirt-88-5.jpg",
      "http://assets.myntassets.com/assets/images/6849354/2022/2/9/cf16e108-7b61-43a3-81fe-08a480cdb5301644388786267-Roadster-Men-Blue--Beige-Regular-Fit-Checked-Casual-Shirt-88-2.jpg"
    ],
    "isFeatured": true
  }
]